{"cameraMode":{"drawMode":0,"name":"Shaded","section":"Shading Mode"},"sceneLighting":false,"audioPlay":false,"sceneViewState":{"m_AlwaysRefresh":true,"showFog":true,"showSkybox":true,"showFlares":true,"showImageEffects":true,"showParticleSystems":true,"showVisualEffectGraphs":true,"m_FxEnabled":false},"in2DMode":false,"pivot":{"x":224.04525756835938,"y":20.421375274658204,"z":214.1969451904297},"rotation":{"x":-0.0931171327829361,"y":0.20986276865005494,"z":-0.02007102407515049,"w":-0.9731048345565796},"size":13.486479759216309,"orthographic":false}